CHROM	Pf3D7_02_v3	Pf3D7_02_v3	Pf3D7_02_v3	Pf3D7_02_v3	Pf3D7_02_v3	Pf3D7_04_v3	Pf3D7_04_v3	Pf3D7_11_v3	Pf3D7_11_v3
POS	629996	630290	631190	814288	814329	1121472	1122147	1057437	1058035
REF	C	A	T	C	A	T	A	T	T
ALT	A	T	A	T	G	A	C	C	A
AG-02-47	0	0	0	0	0	11	14	0	0
AG-04-11	0	0	0	191	179	11	18	55	74
AG-04-12	0	0	0	65	62	13	0	0	0
AG-04-13	0	0	0	0	0	18	29	0	0
AG-04-40	0	0	0	586	505	5	14	417	283
AG-05-01	0	0	0	0	0	16	30	0	0
AG-05-02	69	84	348	407	335	14	19	78	62
AG-05-13	23	27	70	145	131	13	113	45	23
AG-05-15	0	0	0	0	0	11	37	0	0
AG-05-22	0	0	0	311	263	30	0	0	0
AG-05-23	0	0	0	0	0	47	0	0	0
AG-05-24	0	0	0	0	0	0	0	0	0
AG-05-27	0	0	0	0	0	3	0	0	0
AG-05-41	0	0	0	0	0	48	54	0	0
AG-05-47	0	0	0	0	0	39	41	65	55
AG-05-48	0	0	0	0	0	3	3	0	0
AG-05-49	0	0	0	0	0	40	28	0	0
AG-05-56	0	0	0	0	0	42	80	0	0
AG-05-59	130	122	0	377	327	14	36	132	122
AG-05-63	0	0	0	175	181	7	19	59	49
AG-05-77	0	0	0	0	0	0	9	25	0
AG-05-81	0	0	0	0	0	64	70	0	0
AG-05-89	0	0	0	0	0	60	81	0	0
BUS-008	14	8	13	32	32	19	8	8	9
BUS-013	0	0	0	84	81	8	35	0	0
BUS-023-P2-F2	0	0	0	0	0	13	0	30	0
BUS-024-P2-A6	0	0	0	0	0	16	56	0	0
BUS-025	0	0	0	0	0	43	65	0	0
BUS-032	0	0	0	24	23	6	0	0	0
BUS-041	98	113	110	176	163	43	46	0	49
BUS-101	0	0	0	72	75	3	17	0	0
HO-05-02	0	0	0	30	32	5	0	29	19
HO-05-03	0	0	0	274	243	22	0	83	69
HO-05-05	0	0	0	0	0	12	5	0	0
HO-05-06	0	0	0	0	0	39	53	0	0
HO-05-08	0	0	0	264	228	39	15	93	108
HO-05-10	0	0	0	0	0	9	0	0	0
HO-05-38	0	0	0	0	0	2	2	0	0
HO-05-45	0	0	0	204	204	52	41	0	0
HO-05-46	0	0	0	274	238	37	55	0	0
HO-05-47	0	0	0	350	325	89	97	0	0
HO-05-49	0	0	0	0	0	3	7	0	0
HO-05-50	0	0	0	0	0	47	37	0	0
KB-05-02	0	0	0	0	0	15	0	0	0
KB-05-04	0	0	0	0	0	12	52	0	0
KB-05-05	0	0	0	0	0	68	96	0	0
KB-05-09	0	0	0	0	0	25	33	0	0
KB-05-13	0	0	0	0	0	16	24	0	0
KB-05-16	0	0	0	0	0	71	0	0	0
KB-05-21	0	0	0	336	293	12	0	0	0
KB-05-33	65	82	125	562	494	35	136	80	78
KB-05-35	0	0	0	448	407	74	41	0	0
KB-05-38	92	139	120	270	243	13	35	9	1
KB-05-41	0	0	0	0	0	8	1	0	0
KB-05-42	0	0	0	0	0	24	0	0	0
KB-05-44	0	0	0	0	0	5	33	0	0
KB-06-03	0	0	0	68	71	0	7	0	0
KB-06-04	0	0	0	72	72	4	0	0	0
KB-06-09	38	31	40	71	70	11	0	27	20
KB-06-40	0	0	0	107	96	5	21	0	0
KB-06-48	0	0	0	150	148	44	0	0	46
KB-06-67	0	0	0	68	61	11	14	9	18
KB-06-78	0	0	0	67	63	6	2	0	0
KB-06-85	0	0	0	0	0	0	0	0	0
KB-07-005	0	0	0	700	711	119	0	0	0
KB-07-008	0	0	0	0	0	0	0	0	0
KB-07-013	0	0	0	0	0	128	134	0	0
KB-07-029	0	0	0	66	60	6	0	0	0
KB-07-046	0	0	0	19	17	8	15	0	0
KB-07-094	0	0	0	34	36	9	2	0	0
KBG-04-03	0	0	0	0	0	3	0	0	0
KBG-04-05	113	106	98	245	210	23	36	35	33
KBG-04-24	65	89	87	180	163	13	33	81	64
KBG-04-26	0	0	0	0	0	7	0	0	0
KBG-04-35	0	0	0	0	0	19	32	0	0
KBG-04-46	0	0	0	0	0	5	39	0	0
KBG-05-13	0	0	0	0	0	12	16	0	3
KBG-05-30	28	32	54	0	0	17	21	0	0
KBG-05-56	0	0	0	0	0	0	3	0	0
KBG-05-57	0	0	0	0	0	14	34	0	0
KBG-05-65	0	0	0	0	0	29	2	120	80
KBG-05-73	0	0	0	1052	1048	189	205	0	0
KBG-05-80	0	0	0	0	0	68	107	0	0
KBG-05-84	0	0	0	0	0	31	36	0	0
KN-05-08	0	0	0	264	220	28	62	0	0
KN-05-55	0	0	0	0	0	55	0	0	0
KN-05-77	0	0	0	0	0	3	9	0	0
KN-05-83	0	0	0	360	312	16	56	0	0
KO-05-14	0	0	0	0	0	49	0	0	0
KO-05-24	0	0	0	0	0	43	49	178	124
KO-05-29	0	0	0	365	329	27	0	0	0
KO-05-31	0	0	0	0	19	55	0	0	0
KO-05-46	0	0	0	0	0	3	20	0	0
KO-05-53	0	0	0	0	0	25	174	0	0
KO-05-70	0	0	21	51	49	0	7	8	11
KO-05-75	76	79	112	406	340	38	32	81	74
KTK-04-09	0	0	0	0	0	9	15	0	0
KTK-04-17	0	0	0	0	0	6	2	0	0
KTK-04-18	0	0	0	0	0	22	82	0	0
KTK-04-27	0	0	0	0	0	30	26	0	0
KTK-04-34	0	0	0	0	0	3	0	0	0
KTK-04-45	0	0	0	0	0	155	74	0	0
KTK-05-05	0	0	0	0	0	3	9	0	0
KTK-05-20	0	0	0	0	0	18	2	0	0
KTK-05-21	0	0	0	0	0	26	29	0	0
KTK-05-22	0	0	0	0	0	18	24	0	0
KTK-05-28	0	0	0	0	0	0	0	0	0
KTK-05-45	0	0	0	0	0	112	0	0	0
KTK-05-46	0	0	0	0	0	10	47	0	0
KTK-05-55	0	0	0	0	0	21	79	0	0
KTK-05-56	0	0	0	0	0	22	28	0	0
KTK-05-66	5	9	10	25	19	8	0	24	6
KTK-05-77	0	0	0	0	0	21	52	91	75
KTK-05-79	0	0	0	0	0	24	32	0	0
KTK-05-97	0	0	0	410	351	13	25	0	0
LA-02-02	0	0	0	61	45	4	42	3	5
LA-02-04	0	0	0	0	0	11	29	0	0
LA-02-24	0	0	0	100	93	8	331	0	0
LA-02-32	0	0	0	0	0	13	9	0	0
LA-02-41	0	0	0	66	54	17	21	6	5
LA-02-43	0	0	0	0	0	17	28	0	0
LA-02-47	80	89	107	275	264	10	0	55	41
LA-04-32	0	0	0	0	0	25	28	0	0
LA-04-43	0	0	0	0	0	6	34	0	0
LA-05-01	0	0	0	0	0	10	1	0	0
LA-05-07	0	0	0	2	2	6	15	0	0
LA-05-10	98	105	76	344	305	30	65	68	46
LA-05-17	0	0	0	0	0	71	64	92	55
LA-05-23	0	0	0	0	0	38	44	0	0
LA-05-25	147	142	122	0	0	16	30	41	26
LA-05-30	0	0	0	0	0	23	70	0	0
LA-05-36	0	0	0	0	0	85	42	0	0
LA-05-39	0	0	0	0	0	16	24	0	0
LA-05-40	24	17	49	0	0	28	0	22	17
LA-05-52	89	121	100	0	0	12	4	54	70
LA-05-54	0	7	0	0	0	14	0	0	3
LA-05-55	0	0	0	0	0	3	11	0	0
LA-05-57	0	0	0	0	0	3	0	0	0
LA-05-59	0	0	0	0	0	34	37	0	0
LA-05-66	212	221	152	279	229	51	57	115	75
LA-05-70	17	28	17	24	21	11	19	0	0
LA-05-74	0	0	0	0	0	43	59	0	0
LA-05-75	0	0	0	0	0	38	50	0	0
LA-05-79	0	0	0	0	0	26	29	0	0
LA-05-86	0	0	0	0	0	20	34	0	0
LA-05-89	62	76	72	151	137	22	22	60	41
LA-05-94	0	0	0	0	0	17	24	0	0
LA-05-99	60	62	44	28	18	15	12	14	11
MAS-161	0	0	0	0	0	24	32	0	0
MAS-173	0	0	0	0	10	36	39	0	0
MAS-190	0	0	0	0	0	8	70	0	0
MAS-258	11	0	0	22	20	24	5	0	0
MAS-368	0	0	0	0	0	22	43	0	0
MU-05-05	0	0	0	0	0	7	21	24	23
MU-05-09	0	0	0	0	0	30	0	0	0
MU-05-10	151	111	139	0	0	35	0	112	65
MU-05-14	0	0	0	408	353	39	0	112	63
MU-05-56	0	0	0	330	276	23	34	0	0
MU-05-77	0	0	0	319	303	15	27	0	0
MU-05-83	0	0	0	323	284	32	0	81	64
PAT-005-P2-D7	0	0	0	0	0	27	28	0	0
PAT-006-P2-E7	0	0	0	0	0	17	25	0	0
PAT-007-P2-B8	0	0	0	0	0	28	35	0	0
PAT-009-P2-E2	0	0	0	0	0	44	46	0	0
PAT-010-P2-A11	124	157	137	207	181	46	48	66	49
PAT-011-P2-A3	0	0	0	0	0	19	0	0	0
PAT-013-P2-H8	0	0	0	0	0	8	26	0	0
PAT-014-P2-H7	0	0	0	0	0	13	49	0	0
PAT-015-P2-H4	0	0	0	0	0	26	39	0	0
PAT-016-P2-C2	0	0	0	0	0	31	57	0	0
PAT-017-P2-D2	50	65	80	0	0	13	14	71	55
PAT-018	0	0	0	0	0	18	0	0	0
PAT-019-P2-F6	62	58	78	257	230	28	63	61	58
PAT-020-P2-H6	0	0	95	0	0	23	42	0	0
PAT-022-P2-G7	55	34	108	244	222	11	34	64	47
PAT-024-P2-B10	41	58	69	188	168	18	37	64	46
PAT-025	0	0	0	0	0	23	34	0	0
PAT-027-P2-H3	0	0	0	24	27	39	4	0	0
PAT-028	0	0	0	0	0	19	45	0	0
PAT-029-P2-E8	51	81	0	160	159	20	38	84	45
PAT-030	0	0	0	0	0	23	23	0	0
PAT-037-P2-A4	0	0	0	26	19	51	0	98	81
PAT-039	0	0	0	0	0	52	46	0	0
PAT-040	0	0	0	0	0	26	0	0	0
PAT-043	0	0	0	0	0	41	47	0	0
PAT-045	0	0	0	267	233	81	44	0	0
PAT-046	0	0	0	0	0	44	40	0	0
PAT-047	14	26	25	0	0	15	38	0	0
PAT-048	0	0	0	0	0	37	62	0	0
PAT-052	0	0	0	0	0	20	36	0	0
PAT-056	0	0	0	0	0	24	47	0	0
PAT-061	0	0	0	116	108	34	61	0	0
PAT-063	6	7	0	159	149	23	26	0	0
PAT-064	0	0	0	0	0	19	37	0	0
PAT-068	2	0	0	0	0	0	6	0	0
PAT-071	0	0	0	0	0	13	26	0	0
PAT-077	0	0	0	0	0	0	19	0	0
PAT-097	8	11	31	113	101	0	0	0	0
PAT-118	0	0	0	0	0	3	13	0	0
PAT-133	0	0	0	25	24	0	0	0	0
PAT-137	0	0	0	555	451	19	74	0	0
PBC-261-12Feb21	0	0	0	0	0	36	26	0	0
PBC-403-13Ju21	0	0	0	0	0	30	38	0	0
TDH-103	0	0	0	167	148	25	41	0	0
TDH-107	0	0	0	336	288	23	76	0	0
TDH-108	0	0	0	0	0	3	7	0	0
TDH-173-P2-B11	49	65	91	202	173	19	34	96	73
TDH-174	0	0	0	0	0	16	34	0	0
TDH-190-P2-H2	110	121	123	276	270	27	0	160	182
TDH-191-P2-G8	0	0	0	0	0	42	38	0	0
TDH-205	0	0	0	3	3	8	0	0	0
